images	prices	screens	os	front_cams	back_cams	cpus	rams	memories	batteries	urls	companies	release_date
https://cdn.tgdd.vn/Products/Images/42/210654/iphone-11-pro-max-512gb-gold-400x460.png	43.990.000₫	OLED, 6.5", Super Retina XDR	iOS 13	12 MP	3 camera 12 MP	Apple A13 Bionic 6 nhân	4 GB	512 GB	3969 mAh, có sạc nhanh	/dtdd/iphone-11-pro-max-512gb	iphone	11/2019
https://cdn.tgdd.vn/Products/Images/42/210653/iphone-11-pro-max-256gb-green-400x460.png	37.990.000₫	OLED, 6.5", Super Retina XDR	iOS 13	12 MP	3 camera 12 MP	Apple A13 Bionic 6 nhân	4 GB	256 GB	3969 mAh, có sạc nhanh	/dtdd/iphone-11-pro-max-256gb	iphone	11/2019
https://cdn.tgdd.vn/Products/Images/42/210655/iphone-11-pro-256gb-black-400x460.png	34.990.000₫	OLED, 5.8", Super Retina XDR	iOS 13	12 MP	3 camera 12 MP	Apple A13 Bionic 6 nhân	4 GB	256 GB	3046 mAh, có sạc nhanh	/dtdd/iphone-11-pro-256gb	iphone	11/2019
https://cdn.tgdd.vn/Products/Images/42/200533/iphone-11-pro-max-green-400x460.png	33.990.000₫	OLED, 6.5", Super Retina XDR	iOS 13	12 MP	3 camera 12 MP	Apple A13 Bionic 6 nhân	4 GB	64 GB	3969 mAh, có sạc nhanh	/dtdd/iphone-11-pro-max	iphone	11/2019
https://cdn.tgdd.vn/Products/Images/42/190322/iphone-xs-max-256gb-white-400x460.png	33.990.000₫	OLED, 6.5", Super Retina	iOS 12	7 MP	Chính 12 MP & Phụ 12 MP	Apple A12 Bionic 6 nhân	4 GB	256 GB	3174 mAh, có sạc nhanh	/dtdd/iphone-xs-max-256gb	iphone	11/2018
https://cdn.tgdd.vn/Products/Images/42/190324/iphone-xs-256gb-white-400x460.png	29.990.000₫	OLED, 5.8", Super Retina	iOS 12	7 MP	Chính 12 MP & Phụ 12 MP	Apple A12 Bionic 6 nhân	4 GB	256 GB	2658 mAh, có sạc nhanh	/dtdd/iphone-xs-256gb	iphone	11/2018
https://cdn.tgdd.vn/Products/Images/42/198986/sieu-pham-galaxy-s-moi-2-512gb-black-400x460.png	22.990.000₫	Dynamic AMOLED, 6.4", Quad HD+ (2K+)	Android 9.0 (Pie)	Chính 10 MP & Phụ 8 MP	Chính 12 MP & Phụ 12 MP, 16 MP	Exynos 9820 8 nhân	8 GB	512 GB	4100 mAh, có sạc nhanh	/dtdd/samsung-galaxy-s10-plus-512gb	samsung	02/2019
https://cdn.tgdd.vn/Products/Images/42/190321/iphone-xs-max-gold-400x460.png	27.990.000₫	OLED, 6.5", Super Retina	iOS 12	7 MP	Chính 12 MP & Phụ 12 MP	Apple A12 Bionic 6 nhân	4 GB	64 GB	3174 mAh, có sạc nhanh	/dtdd/iphone-xs-max	iphone	11/2018
https://cdn.tgdd.vn/Products/Images/42/206176/samsung-galaxy-note-10-plus-silver-400x460.png	26.990.000₫	Dynamic AMOLED, 6.8", Quad HD+ (2K+)	Android 9.0 (Pie)	10 MP	Chính 12 MP & Phụ 12 MP, 16 MP, TOF 3D	Exynos 9825 8 nhân	12 GB	256 GB	4300 mAh, có sạc nhanh	/dtdd/samsung-galaxy-note-10-plus	samsung	08/2019
https://cdn.tgdd.vn/Products/Images/42/190323/iphone-xs-gold-400x460.png	24.990.000₫	OLED, 5.8", Super Retina	iOS 12	7 MP	Chính 12 MP & Phụ 12 MP	Apple A12 Bionic 6 nhân	4 GB	64 GB	2658 mAh, có sạc nhanh	/dtdd/iphone-xs	iphone	11/2018
https://cdn.tgdd.vn/Products/Images/42/210644/iphone-11-128gb-black-400x460.png	23.990.000₫	IPS LCD, 6.1", Liquid Retina	iOS 13	12 MP	Chính 12 MP & Phụ 12 MP	Apple A13 Bionic 6 nhân	4 GB	128 GB	3110 mAh, có sạc nhanh	/dtdd/iphone-11-128gb	iphone	11/2019
https://cdn.tgdd.vn/Products/Images/42/191276/samsung-galaxy-note-10-pink-400x460.png	22.990.000₫	Dynamic AMOLED, 6.3", Full HD+	Android 9.0 (Pie)	10 MP	Chính 12 MP & Phụ 12 MP, 16 MP	Exynos 9825 8 nhân	8 GB	256 GB	3500 mAh, có sạc nhanh	/dtdd/samsung-galaxy-note-10	samsung	08/2019
https://cdn.tgdd.vn/Products/Images/42/154897/samsung-galaxy-note-9-black-400x460-400x460.png	22.990.000₫	Super AMOLED, 6.4", Quad HD+ (2K+)	Android 8.1 (Oreo)	8 MP	Chính 12 MP & Phụ 12 MP	Exynos 9810 8 nhân	6 GB	128 GB	4000 mAh, có sạc nhanh	/dtdd/samsung-galaxy-note-9	samsung	08/2018
https://cdn.tgdd.vn/Products/Images/42/179530/samsung-galaxy-s10-plus-black-400x460.png	22.990.000₫	Dynamic AMOLED, 6.4", Quad HD+ (2K+)	Android 9.0 (Pie)	Chính 10 MP & Phụ 8 MP	Chính 12 MP & Phụ 12 MP, 16 MP	Exynos 9820 8 nhân 64-bit	8 GB	128 GB	4100 mAh, có sạc nhanh	/dtdd/samsung-galaxy-s10-plus	samsung	02/2019
https://cdn.tgdd.vn/Products/Images/42/197228/huawei-p30-pro-1-400x460.png	22.990.000₫	OLED, 6.47", Full HD+	Android 9.0 (Pie)	32 MP	Chính 40 MP & Phụ 20 MP, 8 MP, TOF 3D	Kirin 980 8 nhân	8 GB	256 GB	4200 mAh, có sạc nhanh	/dtdd/huawei-p30-pro	huawei	03/2019
https://cdn.tgdd.vn/Products/Images/42/153856/iphone-11-red-2-400x460.png	21.990.000₫	IPS LCD, 6.1", Liquid Retina	iOS 13	12 MP	Chính 12 MP & Phụ 12 MP	Apple A13 Bionic 6 nhân	4 GB	64 GB	3110 mAh, có sạc nhanh	/dtdd/iphone-11	iphone	11/2019
https://cdn.tgdd.vn/Products/Images/42/114115/iphone-x-64gb-2-400x460.png	None	OLED, 5.8", Super Retina	iOS 12	7 MP	Chính 12 MP & Phụ 12 MP	Apple A11 Bionic 6 nhân	3 GB	64 GB	2716 mAh, có sạc nhanh	/dtdd/iphone-x-64gb	iphone	09/2017
https://cdn.tgdd.vn/Products/Images/42/191483/iphone-xr-128gb-400x460.png	None	IPS LCD, 6.1", Liquid Retina	iOS 12	7 MP	12 MP	Apple A12 Bionic 6 nhân	3 GB	128 GB	2942 mAh, có sạc nhanh	/dtdd/iphone-xr-128gb	iphone	11/2018
https://cdn.tgdd.vn/Products/Images/42/114110/iphone-8-plus-1-400x460.png	15.990.000₫	LED-backlit IPS LCD, 5.5", Retina HD	iOS 12	7 MP	Chính 12 MP & Phụ 12 MP	Apple A11 Bionic 6 nhân	3 GB	64 GB	2691 mAh, có sạc nhanh	/dtdd/iphone-8-plus	iphone	09/2017
https://cdn.tgdd.vn/Products/Images/42/171028/blackberry-key2-3-400x460.png	15.990.000₫	IPS LCD, 4.5", Full HD	Android 8.1 (Oreo)	8 MP	Chính 12 MP & Phụ 12 MP	Qualcomm Snapdragon 660 8 nhân	6 GB	64 GB	3500 mAh, có sạc nhanh	/dtdd/blackberry-key2	blackberry	11/2018
https://cdn.tgdd.vn/Products/Images/42/201228/samsung-galaxy-a80-gold-400x460.png	14.990.000₫	Super AMOLED, 6.7", Full HD+	Android 9.0 (Pie)	Chính 48 MP & Phụ 8 MP, TOF 3D	Chính 48 MP & Phụ 8 MP, TOF 3D	Snapdragon 730 8 nhân	8 GB	128 GB	3700 mAh, có sạc nhanh	/dtdd/samsung-galaxy-a80	samsung	06/2019
https://cdn.tgdd.vn/Products/Images/42/209798/oppo-reno2-black-mtp1-400x460.png	14.990.000₫	Sunlight AMOLED, 6.55", Full HD+	Android 9.0 (Pie)	16 MP	Chính 48 MP & Phụ 13 MP, 8 MP, 2 MP	Snapdragon 730G 8 nhân	8 GB	256 GB	4000 mAh, có sạc nhanh	/dtdd/oppo-reno2	oppo	10/2019
https://cdn.tgdd.vn/Products/Images/42/78124/apple-iphone-7-plus-1-400x460.png	12.990.000₫	LED-backlit IPS LCD, 5.5", Retina HD	iOS 12	7 MP	Chính 12 MP & Phụ 12 MP	Apple A10 Fusion 4 nhân	3 GB	32 GB	2900 mAh	/dtdd/iphone-7-plus	iphone	11/2016
https://cdn.tgdd.vn/Products/Images/42/200438/oppo-reno-pink-400x460.png	9.990.000₫	AMOLED, 6.4", Full HD+	Android 9.0 (Pie)	16 MP	Chính 48 MP & Phụ 5 MP	Snapdragon 710 8 nhân 64-bit	6 GB	256 GB	3765 mAh, có sạc nhanh	/dtdd/oppo-reno	oppo	06/2019
https://cdn.tgdd.vn/Products/Images/42/192003/samsung-galaxy-a9-2018-blue-400x460.png	12.490.000₫	Super AMOLED, 6.3", Full HD+	Android 8.0 (Oreo)	24 MP	Chính 24 MP & Phụ 10 MP, 8 MP, 5 MP	Snapdragon 660 8 nhân	6 GB	128 GB	3800 mAh, có sạc nhanh	/dtdd/samsung-galaxy-a9-2018	samsung	11/2018
https://cdn.tgdd.vn/Products/Images/42/189005/blackberry-key2-le-1-400x460.png	10.990.000₫	IPS LCD, 4.5", Full HD	Android 8.1 (Oreo)	8 MP	Chính 13 MP & Phụ 5 MP	Snapdragon 636 8 nhân	4 GB	64 GB	3000 mAh, có sạc nhanh	/dtdd/blackberry-key2-le	blackberry	11/2018
https://cdn.tgdd.vn/Products/Images/42/74110/iphone-7-gold-400x460.png	9.990.000₫	LED-backlit IPS LCD, 4.7", Retina HD	iOS 12	7 MP	12 MP	Apple A10 Fusion 4 nhân	2 GB	32 GB	1960 mAh	/dtdd/iphone-7	iphone	11/2016
https://cdn.tgdd.vn/Products/Images/42/210243/vivo-v17-pro-blue-noo-400x460.png	9.490.000₫	Super AMOLED, 6.44", Full HD+	Android 9.0 (Pie)	Chính 32 MP & Phụ 8 MP	Chính 48 MP & Phụ 8 MP, 2 MP, 2 MP	Snapdragon 675 8 nhân 64-bit	8 GB	128 GB	4100 mAh, có sạc nhanh	/dtdd/vivo-v17-pro	vivo	10/2019
https://cdn.tgdd.vn/Products/Images/42/195012/samsung-galaxy-a70-white-400x460.png	9.290.000₫	Super AMOLED, 6.7", Full HD+	Android 9.0 (Pie)	32 MP	Chính 32 MP & Phụ 8 MP, 5 MP	Snapdragon 675 8 nhân	6 GB	128 GB	4500 mAh, có sạc nhanh	/dtdd/samsung-galaxy-a70	samsung	04/2019
https://cdn.tgdd.vn/Products/Images/42/209800/oppo-reno2-f-green-mtp-400x460.png	8.990.000₫	AMOLED, 6.5", Full HD+	Android 9.0 (Pie)	16 MP	Chính 48 MP & Phụ 8 MP, 2 MP, 2 MP	MediaTek Helio P70 8 nhân	8 GB	128 GB	4000 mAh, có sạc nhanh	/dtdd/oppo-reno2-f	oppo	10/2019
https://cdn.tgdd.vn/Products/Images/42/209800/oppo-reno2-f-green-mtp-400x460.png	8.990.000₫	AMOLED, 6.5", Full HD+	Android 9.0 (Pie)	16 MP	Chính 48 MP & Phụ 8 MP, 2 MP, 2 MP	MediaTek Helio P70 8 nhân	8 GB	128 GB	4000 mAh, có sạc nhanh	/dtdd/oppo-reno2-f-xanh-tinh-van	oppo	10/2019
https://cdn.tgdd.vn/Products/Images/42/202703/oppo-f11-pro-128gb-1-400x460.png	7.490.000₫	LTPS LCD, 6.5", Full HD+	Android 9.0 (Pie)	16 MP	Chính 48 MP & Phụ 5 MP	MediaTek Helio P70 8 nhân	6 GB	128 GB	4000 mAh, có sạc nhanh	/dtdd/oppo-f11-pro-128gb	oppo	05/2019
https://cdn.tgdd.vn/Products/Images/42/198394/xiaomi-mi-9-se-400x460.png	7.490.000₫	Super AMOLED, 5.97", Full HD+	Android 9.0 (Pie)	20 MP	Chính 48 MP & Phụ 13 MP, 8 MP	Snapdragon 712 8 nhân 64-bit	6 GB	64 GB	3070 mAh, có sạc nhanh	/dtdd/xiaomi-mi-9-se	xiaomi	06/2019
https://cdn.tgdd.vn/Products/Images/42/200294/samsung-galaxy-a50-128gb-blue-400x460.png	7.990.000₫	Super AMOLED, 6.4", Full HD+	Android 9.0 (Pie)	25 MP	Chính 25 MP & Phụ 8 MP, 5 MP	Exynos 9610 8 nhân 64-bit	6 GB	128 GB	4000 mAh, có sạc nhanh	/dtdd/samsung-galaxy-a50-128gb	samsung	03/2019
https://cdn.tgdd.vn/Products/Images/42/203053/xiaomi-mi-9t-red-400x460.png	7.990.000₫	AMOLED, 6.39", Full HD+	Android 9.0 (Pie)	20 MP	Chính 48 MP & Phụ 13 MP, 8 MP	Snapdragon 730 8 nhân	6 GB	64 GB	4000 mAh, có sạc nhanh	/dtdd/xiaomi-mi-9t	xiaomi	07/2019
https://cdn.tgdd.vn/Products/Images/42/210241/realme-xt-white-1-400x460.png	7.990.000₫	Super AMOLED, 6.4", Full HD+	Android 9.0 (Pie)	16 MP	Chính 64 MP & Phụ 8 MP, 2 MP, 2 MP	Snapdragon 712 8 nhân	8 GB	128 GB	4000 mAh, có sạc nhanh	/dtdd/realme-xt	realme	11/2019
https://cdn.tgdd.vn/Products/Images/42/194327/samsung-galaxy-a7-2018-128gb-black-400x460.png	7.990.000₫	Super AMOLED, 6.0", Full HD+	Android 8.0 (Oreo)	24 MP	Chính 24 MP & Phụ 8 MP, 5 MP	Exynos 7885 8 nhân 64-bit	6 GB	128 GB	3300 mAh	/dtdd/samsung-galaxy-a7-2018-128gb	samsung	10/2018
https://cdn.tgdd.vn/Products/Images/42/112433/blackberry-keyone-1-400x460.png	7.990.000₫	IPS LCD, 4.5", Full HD	Android 7.1 (Nougat)	8 MP	12 MP	Snapdragon 625 8 nhân 64-bit	4 GB	64 GB	3505 mAh, có sạc nhanh	/dtdd/blackberry-keyone	blackberry	11/2018
https://cdn.tgdd.vn/Products/Images/42/199801/oppo-f11-mtp-400x460.png	6.290.000₫	LTPS LCD, 6.5", Full HD+	Android 9.0 (Pie)	16 MP	Chính 48 MP & Phụ 5 MP	MediaTek Helio P70 8 nhân	6 GB	64 GB	4020 mAh, có sạc nhanh	/dtdd/oppo-f11	oppo	03/2019
https://cdn.tgdd.vn/Products/Images/42/207641/samsung-galaxy-a50s-green-400x460.png	6.990.000₫	Super AMOLED, 6.4", Full HD+	Android 9.0 (Pie)	32 MP	Chính 48 MP & Phụ 8 MP, 5 MP	Exynos 9610 8 nhân	4 GB	64 GB	4000 mAh, có sạc nhanh	/dtdd/samsung-galaxy-a50s	samsung	09/2019
https://cdn.tgdd.vn/Products/Images/42/196963/samsung-galaxy-a50-black-1-400x460.png	6.990.000₫	Super AMOLED, 6.4", Full HD+	Android 9.0 (Pie)	25 MP	Chính 25 MP & Phụ 8 MP, 5 MP	Exynos 9610 8 nhân	4 GB	64 GB	4000 mAh, có sạc nhanh	/dtdd/samsung-galaxy-a50	samsung	03/2019
https://cdn.tgdd.vn/Products/Images/42/202028/oppo-a9-white-2-400x460.png	6.990.000₫	TFT, 6.5", HD+	Android 9.0 (Pie)	16 MP	Chính 48 MP & Phụ 8 MP, 2 MP, 2 MP	Snapdragon 665 8 nhân	8 GB	128 GB	5000 mAh	/dtdd/oppo-a9	oppo	09/2019
https://cdn.tgdd.vn/Products/Images/42/111107/samsung-galaxy-a7-2018-blue-400x460.png	6.990.000₫	Super AMOLED, 6.0", Full HD+	Android 8.0 (Oreo)	24 MP	Chính 24 MP & Phụ 8 MP, 5 MP	Exynos 7885 8 nhân 64-bit	4 GB	64 GB	3300 mAh	/dtdd/samsung-galaxy-a7-2018	samsung	10/2018
https://cdn.tgdd.vn/Products/Images/42/202863/oppo-k3-black-400x460.png	6.990.000₫	AMOLED, 6.5", Full HD+	Android 9.0 (Pie)	16 MP	Chính 16 MP & Phụ 2 MP	Snapdragon 710 8 nhân 64-bit	6 GB	64 GB	3765 mAh, có sạc nhanh	/dtdd/oppo-k3	oppo	08/2019
https://cdn.tgdd.vn/Products/Images/42/211163/realme-5-pro-8gb-green-400x460.png	6.990.000₫	IPS LCD, 6.3", Full HD+	Android 9.0 (Pie)	16 MP	Chính 48 MP & Phụ 8 MP, 2 MP, 2 MP	Snapdragon 712 8 nhân 64-bit	8 GB	128 GB	4035 mAh, có sạc nhanh	/dtdd/realme-5-pro-8gb	realme	10/2019
https://cdn.tgdd.vn/Products/Images/42/194834/blackberry-keyone-3gb-400x460.png	6.990.000₫	IPS LCD, 4.5", Full HD	Android 7.1 (Nougat)	8 MP	12 MP	Snapdragon 625 8 nhân 64-bit	3 GB	32 GB	3505 mAh, có sạc nhanh	/dtdd/blackberry-keyone-3gb-32gb	blackberry	11/2018
https://cdn.tgdd.vn/Products/Images/42/199756/blackberry-evolve-black-400x460.png	6.990.000₫	IPS LCD, 5.99", Full HD+	Android 8.1 (Oreo)	16 MP	Chính 13 MP & Phụ 13 MP	Qualcomm Snapdragon 450 8 nhân 64-bit	4 GB	64 GB	4000 mAh, có sạc nhanh	/dtdd/blackberry-evolve	blackberry	02/2019
https://cdn.tgdd.vn/Products/Images/42/198985/huawei-p30-lite-400x460.png	6.020.000₫	IPS LCD, 6.15", Full HD+	Android 9.0 (Pie)	32 MP	Chính 24 MP & Phụ 8 MP, 2 MP	HiSilicon Kirin 710	6 GB	128 GB	3340 mAh, có sạc nhanh	/dtdd/huawei-p30-lite	huawei	03/2019
https://cdn.tgdd.vn/Products/Images/42/214418/xiaomi-redmi-note-8-pro-6gb-128gb-black-400x460.png	6.490.000₫	IPS LCD, 6.53", Full HD+	Android 9.0 (Pie)	20 MP	Chính 64 MP & Phụ 8 MP, 2 MP, 2 MP	Mediatek Helio G90T 8 nhân	6 GB	128 GB	4500 mAh, có sạc nhanh	/dtdd/xiaomi-redmi-note-8-pro-6gb-128gb	xiaomi	10/2019
https://cdn.tgdd.vn/Products/Images/42/214816/xiaomi-redmi-note-8-pro-6gb-128gb-xanh-duong-400x460.png	6.490.000₫	IPS LCD, 6.53", Full HD+	Android 9.0 (Pie)	20 MP	Chính 64 MP & Phụ 8 MP, 2 MP, 2 MP	Mediatek Helio G90T 8 nhân	6 GB	128 GB	4500 mAh, có sạc nhanh	/dtdd/xiaomi-redmi-note-8-pro-6gb-128gb-xanh-duong	xiaomi	10/2019
https://cdn.tgdd.vn/Products/Images/42/204403/samsung-galaxy-a30s-green-400x460.png	6.290.000₫	Super AMOLED, 6.4", HD+	Android 9.0 (Pie)	16 MP	Chính 25 MP & Phụ 8 MP, 5 MP	Exynos 7904 8 nhân	4 GB	64 GB	4000 mAh, có sạc nhanh	/dtdd/samsung-galaxy-a30s	samsung	09/2019
https://cdn.tgdd.vn/Products/Images/42/207650/nokia-72-black-400x460.png	6.190.000₫	IPS LCD, 6.3", Full HD+	Android 9 Pie (Android One)	20 MP	Chính 48 MP & Phụ 8 MP, 5 MP	Snapdragon 660 8 nhân	4 GB	64 GB	3500 mAh	/dtdd/nokia-72	nokia	09/2019
https://cdn.tgdd.vn/Products/Images/42/209797/xiaomi-redmi-note-8-pro-white-1-400x460.png	5.990.000₫	IPS LCD, 6.53", Full HD+	Android 9.0 (Pie)	20 MP	Chính 64 MP & Phụ 8 MP, 2 MP, 2 MP	Mediatek Helio G90T 8 nhân	6 GB	64 GB	4500 mAh, có sạc nhanh	/dtdd/xiaomi-redmi-note-8-pro	xiaomi	10/2019
https://cdn.tgdd.vn/Products/Images/42/209564/realme-5-pro-purple-400x460.png	5.990.000₫	IPS LCD, 6.3", Full HD+	Android 9.0 (Pie)	16 MP	Chính 48 MP & Phụ 8 MP, 2 MP, 2 MP	Snapdragon 712 8 nhân	4 GB	128 GB	4035 mAh, có sạc nhanh	/dtdd/realme-5-pro	realme	10/2019
https://cdn.tgdd.vn/Products/Images/42/194955/realme-3-pro-blue-400x460.png	4.590.000₫	IPS LCD, 6.3", Full HD+	Android 9.0 (Pie)	25 MP	Chính 16 MP & Phụ 5 MP	Snapdragon 710 8 nhân	4 GB	64 GB	4045 mAh, có sạc nhanh	/dtdd/realme-3-pro	realme	06/2019
https://cdn.tgdd.vn/Products/Images/42/214815/xiaomi-redmi-note-8-pro-6gb-64gb-xanh-duong-400x460.png	5.990.000₫	IPS LCD, 6.53", Full HD+	Android 9.0 (Pie)	20 MP	Chính 64 MP & Phụ 8 MP, 2 MP, 2 MP	Mediatek Helio G90T 8 nhân	6 GB	64 GB	4500 mAh, có sạc nhanh	/dtdd/xiaomi-redmi-note-8-pro-6gb-64gb-xanh-duong	xiaomi	10/2019
https://cdn.tgdd.vn/Products/Images/42/179673/huawei-nova-3i-purple-400x460.png	5.390.000₫	LTPS LCD, 6.3", Full HD+	Android 8.1 (Oreo)	Chính 24 MP & Phụ 2 MP	Chính 16 MP & Phụ 2 MP	HiSilicon Kirin 710	4 GB	128 GB	3340 mAh	/dtdd/huawei-nova-3i	huawei	07/2018
https://cdn.tgdd.vn/Products/Images/42/198413/samsung-galaxy-a30-blue-400x460.png	5.790.000₫	Super AMOLED, 6.4", Full HD+	Android 9.0 (Pie)	16 MP	Chính 16 MP & Phụ 5 MP	Exynos 7904 8 nhân	4 GB	64 GB	4000 mAh, có sạc nhanh	/dtdd/samsung-galaxy-a30	samsung	03/2019
https://cdn.tgdd.vn/Products/Images/42/212374/xiaomi-redmi-note-8-128gb-black-400x460.png	5.490.000₫	IPS LCD, 6.3", Full HD+	Android 9.0 (Pie)	13 MP	Chính 48 MP & Phụ 8 MP, 2 MP, 2 MP	Qualcomm Snapdragon 665 8 nhân	4 GB	128 GB	4000 mAh, có sạc nhanh	/dtdd/xiaomi-redmi-note-8-128gb	xiaomi	10/2019
https://cdn.tgdd.vn/Products/Images/42/202268/huawei-y9-prime-2019-blue-400x460.png	5.490.000₫	LTPS LCD, 6.59", Full HD+	Android 9.0 (Pie)	16 MP	Chính 16 MP & Phụ 8 MP, 2 MP	HiSilicon Kirin 710F 8 nhân	4 GB	128 GB	4000 mAh	/dtdd/huawei-y9-prime-2019	huawei	06/2019
https://cdn.tgdd.vn/Products/Images/42/202033/vivo-v15-64gb-red-400x460.png	5.490.000₫	IPS LCD, 6.53", Full HD+	Android 9.0 (Pie)	32 MP	Chính 12 MP & Phụ 8 MP, 5 MP	MediaTek Helio P70 8 nhân	6 GB	64 GB	4000 mAh, có sạc nhanh	/dtdd/vivo-v15-64gb	vivo	03/2019
https://cdn.tgdd.vn/Products/Images/42/204404/samsung-galaxy-a20s-black-docquyen-400x460.png	5.390.000₫	IPS LCD, 6.5", HD+	Android 9.0 (Pie)	8 MP	Chính 13 MP & Phụ 8 MP, 5 MP	Snapdragon 450 8 nhân	4 GB	64 GB	4000 mAh, có sạc nhanh	/dtdd/samsung-galaxy-a20s	samsung	10/2019
https://cdn.tgdd.vn/Products/Images/42/212116/oppo-a5-2020-128gb-black-400x460.png	5.290.000₫	TFT, 6.5", HD+	Android 9.0 (Pie)	8 MP	Chính 12 MP & Phụ 8 MP, 2 MP, 2 MP	Snapdragon 665 8 nhân	4 GB	128 GB	5000 mAh	/dtdd/oppo-a5-2020-128gb	oppo	10/2019
https://cdn.tgdd.vn/Products/Images/42/209535/xiaomi-redmi-note-8-white-18thangbh-400x460.png	4.990.000₫	IPS LCD, 6.3", Full HD+	Android 9.0 (Pie)	13 MP	Chính 48 MP & Phụ 8 MP, 2 MP, 2 MP	Qualcomm Snapdragon 665 8 nhân	4 GB	64 GB	4000 mAh, có sạc nhanh	/dtdd/xiaomi-redmi-note-8	xiaomi	10/2019
https://cdn.tgdd.vn/Products/Images/42/204651/vivo-y19-white-quanghai-400x460.png	4.990.000₫	IPS LCD, 6.53", Full HD+	Android 9.0 (Pie)	16 MP	Chính 16 MP & Phụ 8 MP, 2 MP	MediaTek MT6768 8 nhân (Helio P65)	6 GB	128 GB	5000 mAh, có sạc nhanh	/dtdd/vivo-y19	vivo	11/2019
https://cdn.tgdd.vn/Products/Images/42/211161/realme-5-4gb-purple-docquyen-400x460.png	4.690.000₫	IPS LCD, 6.5", HD+	Android 9.0 (Pie)	13 MP	Chính 12 MP & Phụ 8 MP, 2 MP, 2 MP	Snapdragon 665 8 nhân	4 GB	128 GB	5000 mAh	/dtdd/realme-5-4gb	realme	10/2019
https://cdn.tgdd.vn/Products/Images/42/167535/xiaomi-redmi-note-7-400x460.png	4.490.000₫	IPS LCD, 6.3", Full HD+	Android 9.0 (Pie)	13 MP	Chính 48 MP & Phụ 5 MP	Snapdragon 660 8 nhân	4 GB	64 GB	4000 mAh, có sạc nhanh	/dtdd/xiaomi-redmi-note-7	xiaomi	03/2019
https://cdn.tgdd.vn/Products/Images/42/200388/samsung-galaxy-a30-32gb-400x460.png	4.990.000₫	Super AMOLED, 6.4", Full HD+	Android 9.0 (Pie)	16 MP	Chính 16 MP & Phụ 5 MP	Exynos 7904 8 nhân 64-bit	3 GB	32 GB	4000 mAh, có sạc nhanh	/dtdd/samsung-galaxy-a30-32gb	samsung	03/2019
https://cdn.tgdd.vn/Products/Images/42/193212/oppo-a7-400x460.png	4.690.000₫	IPS LCD, 6.2", HD+	ColorOS 5.2 (Android 8.1)	16 MP	Chính 13 MP & Phụ 2 MP	Qualcomm Snapdragon 450 8 nhân 64-bit	4 GB	64 GB	4230 mAh	/dtdd/oppo-a7	oppo	11/2018
https://cdn.tgdd.vn/Products/Images/42/182153/oppo-f9-tim-400x460.png	4.490.000₫	LTPS LCD, 6.3", Full HD+	ColorOS 5.2 (Android 8.1)	25 MP	Chính 16 MP & Phụ 2 MP	MediaTek Helio P60 8 nhân 64-bit	4 GB	64 GB	3500 mAh, có sạc nhanh	/dtdd/oppo-f9	oppo	08/2018
https://cdn.tgdd.vn/Products/Images/42/195314/samsung-galaxy-m20-400x460.png	4.490.000₫	PLS TFT LCD, 6.3", Full HD+	Android 8.1 (Oreo)	8 MP	Chính 13 MP & Phụ 5 MP	Exynos 7904 8 nhân	3 GB	32 GB	5000 mAh, có sạc nhanh	/dtdd/samsung-galaxy-m20	samsung	02/2019
https://cdn.tgdd.vn/Products/Images/42/197845/xiaomi-mi-a3-white-18thangbh-400x460.png	4.490.000₫	AMOLED, 6.01", HD+	Android 9 Pie (Android One)	32 MP	Chính 48 MP & Phụ 8 MP, 2 MP	Snapdragon 665 8 nhân	4 GB	64 GB	4030 mAh, có sạc nhanh	/dtdd/xiaomi-mi-a3	xiaomi	07/2019
https://cdn.tgdd.vn/Products/Images/42/211644/samsung-galaxy-a20s-32gb-red-400x460.png	4.390.000₫	IPS LCD, 6.5", HD+	Android 9.0 (Pie)	8 MP	Chính 13 MP & Phụ 8 MP, 5 MP	Qualcomm Snapdragon 450 8 nhân 64-bit	3 GB	32 GB	4000 mAh, có sạc nhanh	/dtdd/samsung-galaxy-a20s-32gb	samsung	10/2019
https://cdn.tgdd.vn/Products/Images/42/201404/vivo-y17-purple-docquyen-400x460.png	4.390.000₫	IPS LCD, 6.35", HD+	Android 9.0 (Pie)	20 MP	Chính 13 MP & Phụ 8 MP, 2 MP	MediaTek Helio P35 8 nhân 64-bit	4 GB	128 GB	5000 mAh, có sạc nhanh	/dtdd/vivo-y17	vivo	08/2019
https://cdn.tgdd.vn/Products/Images/42/210441/oppo-a5-2020-white-400x460.png	4.290.000₫	TFT, 6.5", HD+	Android 9.0 (Pie)	8 MP	Chính 12 MP & Phụ 8 MP, 2 MP, 2 MP	Snapdragon 665 8 nhân	3 GB	64 GB	5000 mAh	/dtdd/oppo-a5-2020	oppo	10/2019
https://cdn.tgdd.vn/Products/Images/42/198792/samsung-galaxy-a20-red-400x460.png	4.190.000₫	Super AMOLED, 6.4", HD+	Android 9.0 (Pie)	8 MP	Chính 13 MP & Phụ 5 MP	Exynos 7884 8 nhân	3 GB	32 GB	4000 mAh, có sạc nhanh	/dtdd/samsung-galaxy-a20	samsung	04/2019
https://cdn.tgdd.vn/Products/Images/42/212247/xiaomi-redmi-note-8-32gb-white-18thangbh-400x460.png	3.990.000₫	IPS LCD, 6.3", Full HD+	Android 9.0 (Pie)	13 MP	Chính 48 MP & Phụ 8 MP, 2 MP, 2 MP	Snapdragon 665 8 nhân	3 GB	32 GB	4000 mAh, có sạc nhanh	/dtdd/xiaomi-redmi-note-8-32gb	xiaomi	10/2019
https://cdn.tgdd.vn/Products/Images/42/207649/realme-5-blue-400x460.png	3.990.000₫	IPS LCD, 6.5", HD+	Android 9.0 (Pie)	13 MP	Chính 12 MP & Phụ 8 MP, 2 MP, 2 MP	Snapdragon 665 8 nhân	3 GB	64 GB	5000 mAh	/dtdd/realme-5	realme	10/2019
https://cdn.tgdd.vn/Products/Images/42/194952/realme-3-green-isaac-400x460.png	3.290.000₫	IPS LCD, 6.22", HD+	Android 9.0 (Pie)	13 MP	Chính 13 MP & Phụ 2 MP	MediaTek Helio P60 8 nhân 64-bit	3 GB	32 GB	4230 mAh	/dtdd/realme-3	realme	04/2019
https://cdn.tgdd.vn/Products/Images/42/167150/nokia-61-plus-3-400x460.png	3.990.000₫	IPS LCD, 5.8", Full HD+	Android 8 Oreo (Android One)	16 MP	Chính 16 MP & Phụ 5 MP	Qualcomm Snapdragon 636 8 nhân 64-bit	4 GB	64 GB	3060 mAh, có sạc nhanh	/dtdd/nokia-61-plus	nokia	08/2018
https://cdn.tgdd.vn/Products/Images/42/187554/vivo-v11i-blue-400x460.png	3.990.000₫	IPS LCD, 6.3", Full HD+	Android 8.1 (Oreo)	25 MP	Chính 16 MP & Phụ 5 MP	MediaTek Helio P60 8 nhân 64-bit	4 GB	128 GB	3315 mAh, có sạc nhanh	/dtdd/vivo-v11i	vivo	09/2018
https://cdn.tgdd.vn/Products/Images/42/209553/vsmart-live-6gb-white-18thangbh-400x460.png	3.790.000₫	AMOLED, 6.2", Full HD+	Android 9.0 (Pie)	20 MP	Chính 48 MP & Phụ 8 MP, 5 MP	Snapdragon 675 8 nhân	6 GB	64 GB	4000 mAh, có sạc nhanh	/dtdd/vsmart-live-6gb	vsmart	08/2019
https://cdn.tgdd.vn/Products/Images/42/205773/samsung-galaxy-a10s-green-400x460.png	3.690.000₫	IPS TFT, 6.2", HD+	Android 9.0 (Pie)	8 MP	Chính 13 MP & Phụ 2 MP	MediaTek MT6762 8 nhân 64-bit (Helio P22)	2 GB	32 GB	4000 mAh	/dtdd/samsung-galaxy-a10s	samsung	08/2019
https://cdn.tgdd.vn/Products/Images/42/200330/oppo-a5s-red-400x460.png	3.690.000₫	IPS LCD, 6.2", HD+	Android 8.1 (Oreo)	8 MP	Chính 13 MP & Phụ 2 MP	MediaTek Helio P35 8 nhân 64-bit	3 GB	32 GB	4230 mAh	/dtdd/oppo-a5s	oppo	05/2019
https://cdn.tgdd.vn/Products/Images/42/198167/xiaomi-redmi-7-black-18thangbh-400x460.png	3.290.000₫	IPS LCD, 6.26", HD+	Android 9.0 (Pie)	8 MP	Chính 12 MP & Phụ 2 MP	Qualcomm Snapdragon 632 8 nhân 64-bit	3 GB	32 GB	4000 mAh	/dtdd/xiaomi-redmi-7	xiaomi	03/2019
https://cdn.tgdd.vn/Products/Images/42/212212/xiaomi-redmi-8-64gb-red-400x460.png	3.590.000₫	IPS LCD, 6.22", HD+	Android 9.0 (Pie)	8 MP	Chính 12 MP & Phụ 2 MP	Qualcomm Snapdragon 439 8 nhân 64-bit	4 GB	64 GB	5000 mAh, có sạc nhanh	/dtdd/xiaomi-redmi-8-64gb	xiaomi	10/2019
https://cdn.tgdd.vn/Products/Images/42/203619/vivo-y12-red-400x460.png	3.590.000₫	IPS LCD, 6.35", HD+	Android 9.0 (Pie)	8 MP	Chính 13 MP & Phụ 8 MP, 2 MP	MediaTek MT6762 8 nhân 64-bit (Helio P22)	3 GB	64 GB	5000 mAh	/dtdd/vivo-y12	vivo	08/2019
https://cdn.tgdd.vn/Products/Images/42/208847/vsmart-live-blue-18thangbh-1-400x460.png	3.490.000₫	AMOLED, 6.2", Full HD+	Android 9.0 (Pie)	20 MP	Chính 48 MP & Phụ 8 MP, 5 MP	Snapdragon 675 8 nhân 64-bit	4 GB	64 GB	4000 mAh, có sạc nhanh	/dtdd/vsmart-live	vsmart	08/2019
https://cdn.tgdd.vn/Products/Images/42/197205/huawei-y7-pro-2019-400x460.png	3.140.000₫	IPS LCD, 6.26", HD+	Android 8.1 (Oreo)	16 MP	Chính 13 MP & Phụ 2 MP	Qualcomm Snapdragon 450 8 nhân 64-bit	3 GB	32 GB	4000 mAh	/dtdd/huawei-y7-pro-2019	huawei	12/2018
https://cdn.tgdd.vn/Products/Images/42/196142/vivo-y91-black-400x460.png	3.490.000₫	IPS LCD, 6.22", HD+	Android 8.1 (Oreo)	8 MP	Chính 13 MP & Phụ 2 MP	MediaTek MT6762R 8 nhân	3 GB	64 GB	4030 mAh	/dtdd/vivo-y91	vivo	12/2018
https://cdn.tgdd.vn/Products/Images/42/179472/nokia-51-plus-black-400x460.png	3.290.000₫	IPS LCD, 5.8", HD+	Android 8 Oreo (Android One)	8 MP	Chính 13 MP & Phụ 5 MP	MediaTek Helio P60 8 nhân 64-bit	3 GB	32 GB	3060 mAh, có sạc nhanh	/dtdd/nokia-51-plus	nokia	10/2018
https://cdn.tgdd.vn/Products/Images/42/199977/nokia-32-black-400x460.png	3.290.000₫	IPS LCD, 6.2", HD+	Android 9 Pie (Android One)	5 MP	13 MP	Qualcomm Snapdragon 429 4 nhân 64-bit	3 GB	32 GB	4000 mAh	/dtdd/nokia-32	nokia	05/2019
https://cdn.tgdd.vn/Products/Images/42/200485/oppo-a1k-red-400x460.png	2.990.000₫	IPS LCD, 6.1", HD+	Android 9.0 (Pie)	5 MP	8 MP	MediaTek MT6762R 8 nhân	2 GB	32 GB	4000 mAh	/dtdd/oppo-a1k	oppo	05/2019
https://cdn.tgdd.vn/Products/Images/42/197512/samsung-galaxy-a10-red-400x460.png	3.090.000₫	IPS LCD, 6.2", HD+	Android 9.0 (Pie)	5 MP	13 MP	Exynos 7884 8 nhân	2 GB	32 GB	3400 mAh	/dtdd/samsung-galaxy-a10	samsung	04/2019
https://cdn.tgdd.vn/Products/Images/42/212357/vivo-y11-blue-400x460.png	2.990.000₫	IPS LCD, 6.35", HD+	Android 9.0 (Pie)	8 MP	Chính 13 MP & Phụ 2 MP	Snapdragon 439 8 nhân	3 GB	32 GB	5000 mAh	/dtdd/vivo-y11	vivo	10/2019
https://cdn.tgdd.vn/Products/Images/42/209796/xiaomi-redmi-8-blue-docquyen-400x460.png	2.990.000₫	IPS LCD, 6.22", HD+	Android 9.0 (Pie)	8 MP	Chính 12 MP & Phụ 2 MP	Snapdragon 439 8 nhân	3 GB	32 GB	5000 mAh, có sạc nhanh	/dtdd/xiaomi-redmi-8	xiaomi	10/2019
https://cdn.tgdd.vn/Products/Images/42/200599/xiaomi-redmi-7-16gb-blue-18thangbh-400x460.png	2.690.000₫	IPS LCD, 6.26", HD+	Android 9.0 (Pie)	8 MP	Chính 12 MP & Phụ 2 MP	Qualcomm Snapdragon 632 8 nhân 64-bit	2 GB	16 GB	4000 mAh	/dtdd/xiaomi-redmi-7-16gb	xiaomi	03/2019
https://cdn.tgdd.vn/Products/Images/42/201385/realme-c2-new-blue-400x460.png	2.990.000₫	IPS LCD, 6.1", HD+	Android 9.0 (Pie)	5 MP	Chính 13 MP & Phụ 2 MP	MediaTek MT6762 8 nhân (Helio P22)	3 GB	32 GB	4000 mAh	/dtdd/realme-c2	realme	06/2019
https://cdn.tgdd.vn/Products/Images/42/199083/vivo-y91c-400x460.png	2.390.000₫	IPS LCD, 6.22", HD+	Android 8.1 (Oreo)	5 MP	13 MP	MediaTek MT6762R 8 nhân	2 GB	32 GB	4030 mAh	/dtdd/vivo-y91c	vivo	03/2019
https://cdn.tgdd.vn/Products/Images/42/209555/vsmart-joy-2-plus-2gb-blue-18thangbh-400x460.png	2.190.000₫	IPS LCD, 6.2", HD+	Android 9.0 (Pie)	8 MP	Chính 13 MP & Phụ 5 MP	Qualcomm Snapdragon 450 8 nhân 64-bit	2 GB	32 GB	4500 mAh, có sạc nhanh	/dtdd/vsmart-joy-2-plus-2gb	vsmart	08/2019
